Hyundai,Accent,2016,White,15030
Kia,Forte,2017,Silver,11565
Kia,Forte,2020,Red,18241
Kia ,Stringer,2019,Red,33980
Nissan ,Urvan,2018,Gray,38060
Suzuki,Celerio,2014,Gray,14000
Chevrolet,Spin,2017,Black Sapphire,9980
GMC,Yukon XL,2019,White,42000
Dodge ,Charger,2017,Balck,25000
Mazda,CX-7,2018,Gold,20000
Chevrolet,Camaro,2016,White,29000
BMW,335i,2018,Silver,37000
BMw,128i,2018,Pink,28000
Mitsubishi,Lancer,2017,White,16000
Mercedes ,G63,2019,Gray,149400
Mercedes ,E200,2018,Blue,97000
Ford,Explorer,2017,Black,32000
Ford,Expedition Max,2018,White,53000
Toyota,Tundra,2018,Orange,37700
Toyota,Camry,2019,Silver,24765
Jeep,Compass,2017,Yellow,22090
Tesla,Model 3,2019,Black,42100
Tesla,Model 3,2018,Red,39600
Mercedes ,GT 63,2018,Blue,136500
Mercedes ,C300,2016,Black,22580
Mercedes ,C300,2019,White,60055
Nissan ,Rogue,2013,White,8000
Nissan ,Rogue,2017,Black,18776
Nissan ,GT-R,2020,White,121080
Porsche ,718 Boxster,2019,Black,73400
Porsche ,718 Boxster,2017,Blue,46020
Audi,R8,2020,Gray,189645
Audi,R8,2015,Red,104750
Audi,R8,2008,Black,66995
Audi,Q7,2017,Black,34900
Audi,Q7,2009,White,13496
BMW,M3,2011,Blue,32500
BMW,M3,2016,Gray,44800
BMW,X6,2016,Green,37950
Ford,Mustang,2019,Gold,29525
Ford,Mustang,2012,Silver,20900
Ford ,Ranger,2019,Gray,29980
Ford,Ranger,2004,Red,4981
GMC,Acadia,2019,White,29881
GMC,Sierra 3500,2018,White,52900
GMC,Sierra 3500,2004,Burgundy,20988
MINI,Cooper Countryman,2019,Gray,34850
MINI,Cooper Countryman,2012,Green,10995
Toyota,RAV4,2019,Gray,27727
Toyota ,RAV4,2011,Beige,11988